,data,target,frame,target_names,feature_names,DESCR
0,"       MedInc  HouseAge  AveRooms  AveBedrms  Population  AveOccup  Latitude  \
0      8.3252      41.0  6.984127   1.023810       322.0  2.555556     37.88   
1      8.3014      21.0  6.238137   0.971880      2401.0  2.109842     37.86   
2      7.2574      52.0  8.288136   1.073446       496.0  2.802260     37.85   
3      5.6431      52.0  5.817352   1.073059       558.0  2.547945     37.85   
4      3.8462      52.0  6.281853   1.081081       565.0  2.181467     37.85   
...       ...       ...       ...        ...         ...       ...       ...   
20635  1.5603      25.0  5.045455   1.133333       845.0  2.560606     39.48   
20636  2.5568      18.0  6.114035   1.315789       356.0  3.122807     39.49   
20637  1.7000      17.0  5.205543   1.120092      1007.0  2.325635     39.43   
20638  1.8672      18.0  5.329513   1.171920       741.0  2.123209     39.43   
20639  2.3886      16.0  5.254717   1.162264      1387.0  2.616981     39.37   

       Longitude  
0        -122.23  
1        -122.22  
2        -122.24  
3        -122.25  
4        -122.25  
...          ...  
20635    -121.09  
20636    -121.21  
20637    -121.22  
20638    -121.32  
20639    -121.24  

[20640 rows x 8 columns]","0        4.526
1        3.585
2        3.521
3        3.413
4        3.422
         ...  
20635    0.781
20636    0.771
20637    0.923
20638    0.847
20639    0.894
Name: MedHouseVal, Length: 20640, dtype: float64","       MedInc  HouseAge  AveRooms  AveBedrms  Population  AveOccup  Latitude  \
0      8.3252      41.0  6.984127   1.023810       322.0  2.555556     37.88   
1      8.3014      21.0  6.238137   0.971880      2401.0  2.109842     37.86   
2      7.2574      52.0  8.288136   1.073446       496.0  2.802260     37.85   
3      5.6431      52.0  5.817352   1.073059       558.0  2.547945     37.85   
4      3.8462      52.0  6.281853   1.081081       565.0  2.181467     37.85   
...       ...       ...       ...        ...         ...       ...       ...   
20635  1.5603      25.0  5.045455   1.133333       845.0  2.560606     39.48   
20636  2.5568      18.0  6.114035   1.315789       356.0  3.122807     39.49   
20637  1.7000      17.0  5.205543   1.120092      1007.0  2.325635     39.43   
20638  1.8672      18.0  5.329513   1.171920       741.0  2.123209     39.43   
20639  2.3886      16.0  5.254717   1.162264      1387.0  2.616981     39.37   

       Longitude  MedHouseVal  
0        -122.23        4.526  
1        -122.22        3.585  
2        -122.24        3.521  
3        -122.25        3.413  
4        -122.25        3.422  
...          ...          ...  
20635    -121.09        0.781  
20636    -121.21        0.771  
20637    -121.22        0.923  
20638    -121.32        0.847  
20639    -121.24        0.894  

[20640 rows x 9 columns]",['MedHouseVal'],"['MedInc', 'HouseAge', 'AveRooms', 'AveBedrms', 'Population', 'AveOccup', 'Latitude', 'Longitude']",".. _california_housing_dataset:

California Housing dataset
--------------------------

**Data Set Characteristics:**

:Number of Instances: 20640

:Number of Attributes: 8 numeric, predictive attributes and the target

:Attribute Information:
    - MedInc        median income in block group
    - HouseAge      median house age in block group
    - AveRooms      average number of rooms per household
    - AveBedrms     average number of bedrooms per household
    - Population    block group population
    - AveOccup      average number of household members
    - Latitude      block group latitude
    - Longitude     block group longitude

:Missing Attribute Values: None

This dataset was obtained from the StatLib repository.
https://www.dcc.fc.up.pt/~ltorgo/Regression/cal_housing.html

The target variable is the median house value for California districts,
expressed in hundreds of thousands of dollars ($100,000).

This dataset was derived from the 1990 U.S. census, using one row per census
block group. A block group is the smallest geographical unit for which the U.S.
Census Bureau publishes sample data (a block group typically has a population
of 600 to 3,000 people).

A household is a group of people residing within a home. Since the average
number of rooms and bedrooms in this dataset are provided per household, these
columns may take surprisingly large values for block groups with few households
and many empty houses, such as vacation resorts.

It can be downloaded/loaded using the
:func:`sklearn.datasets.fetch_california_housing` function.

.. rubric:: References

- Pace, R. Kelley and Ronald Barry, Sparse Spatial Autoregressions,
  Statistics and Probability Letters, 33:291-297, 1997.
"
